,index,N,P,K,temperature,humidity,ph,rainfall,predicted_values,actual_values
0,1320,105,14,50,26.2148837,87.68839820000002,6.419052193,59.65590798,[{'label_watermelon': 0.9999986886978149}],[{'label_watermelon': 1}]
1,1367,91,12,46,24.64458469,85.49938185,6.343942518,48.31219031,[{'label_watermelon': 0.999997615814209}],[{'label_watermelon': 1}]
2,1291,14,121,203,9.724457611,83.74765639,6.1586894060000015,74.46411148,[{'label_grapes': 0.9999978542327881}],[{'label_grapes': 1}]
3,264,52,73,79,17.25769499,18.74943955,7.840339388999999,94.00287214,[{'label_chickpea': 1.0}],[{'label_chickpea': 1}]
4,728,32,66,17,34.9466155,65.26774011,7.162357641,70.1415139,[{'label_blackgram': 0.9751488566398621}],[{'label_blackgram': 1}]
5,70,61,52,41,24.97669518,83.891805,6.880431223,204.8001847,"[{'label_jute': 0.8074178695678711}, {'label_rice': 0.16771069169044495}]",[{'label_rice': 1}]
6,565,11,41,19,26.85911286,41.81420849,5.131779302,44.13827124,[{'label_mothbeans': 0.9887063503265381}],[{'label_mothbeans': 1}]
7,399,22,60,24,18.78226261,20.24768314,5.630664753,104.2570723,[{'label_kidneybeans': 0.9999663829803467}],[{'label_kidneybeans': 1}]
8,1446,106,20,51,29.73019662,90.97015715,6.342573112,20.49035619,[{'label_muskmelon': 1.0}],[{'label_muskmelon': 1}]
9,1063,93,83,46,29.38254012,83.50423735,5.765308943,109.2486647,[{'label_banana': 0.9997413754463196}],[{'label_banana': 1}]
10,546,25,51,18,27.77799528,54.82130787,9.45949344,50.28438729,"[{'label_mothbeans': 0.7311975359916687}, {'label_blackgram': 0.25991886854171753}]",[{'label_mothbeans': 1}]
11,2165,97,22,26,23.60567546,59.68849145,6.074190142000001,185.1568059,[{'label_coffee': 0.9993619322776794}],[{'label_coffee': 1}]
12,866,36,67,20,20.39078312,60.47528931,6.924042372000001,53.31508572,"[{'label_lentil': 0.531821072101593}, {'label_blackgram': 0.4665951728820801}]",[{'label_lentil': 1}]
13,646,27,40,24,27.84026517,89.99615558,7.063022095,52.84626009,[{'label_mungbean': 0.9999991655349731}],[{'label_mungbean': 1}]
14,1129,34,16,25,30.07202564,50.96040505,6.10729559,92.09609766,[{'label_mango': 0.999991774559021}],[{'label_mango': 1}]
15,1505,32,137,204,22.86006627,93.12859895,5.824151692999999,117.7296726,[{'label_apple': 1.0}],[{'label_apple': 1}]
16,2187,101,33,33,26.97251562,62.0183627,6.908671378999999,142.8610793,[{'label_coffee': 0.9968691468238831}],[{'label_coffee': 1}]
17,842,34,65,19,23.43974653,63.22011726,5.94239222,45.40277297,[{'label_lentil': 0.9801681041717529}],[{'label_lentil': 1}]
18,2111,85,33,25,26.20811417,52.50987966,6.910823945,189.0944824,[{'label_coffee': 0.9824619889259338}],[{'label_coffee': 1}]
19,1189,28,23,28,30.01821337,50.09831810000001,5.676032581,96.08745082,[{'label_mango': 0.9999910593032837}],[{'label_mango': 1}]
20,1878,0,19,31,25.51791333,94.38420565,6.271952832999999,178.7297725,[{'label_coconut': 1.0}],[{'label_coconut': 1}]
21,717,50,58,23,27.81326852,62.50460464,7.596802025,69.75555541,[{'label_blackgram': 0.9428938627243042}],[{'label_blackgram': 1}]
22,385,32,68,19,24.62835037,18.18325169,5.514234138,149.7441028,[{'label_kidneybeans': 0.9999979734420776}],[{'label_kidneybeans': 1}]
23,2098,90,39,43,24.44743944,82.286484,6.7693455,190.9684885,"[{'label_jute': 0.8184288144111633}, {'label_rice': 0.1812821328639984}]",[{'label_jute': 1}]
24,1991,131,56,20,22.00817088,81.83896111,7.762647875,92.23645249,"[{'label_cotton': 0.8594734072685242}, {'label_maize': 0.1405266672372818}]",[{'label_cotton': 1}]
25,2195,107,34,32,26.77463708,66.4132686,6.78006386,177.7745075,[{'label_coffee': 0.9972829818725586}],[{'label_coffee': 1}]
26,828,15,77,20,25.13163619,66.92642362,7.399749291,49.04015558,[{'label_lentil': 0.9979300498962402}],[{'label_lentil': 1}]
27,1648,13,16,8,34.74004942,93.12316972,6.949838549,100.1967854,[{'label_orange': 1.0}],[{'label_orange': 1}]
28,536,6,36,22,24.21610338,59.79236306,8.869532817,42.24783476,[{'label_mothbeans': 0.9522491097450256}],[{'label_mothbeans': 1}]
29,314,12,78,23,16.06522754,18.72479695,5.99812453,88.06638775,[{'label_kidneybeans': 0.9999998807907104}],[{'label_kidneybeans': 1}]
30,944,37,11,36,24.24779615,85.56033312,6.710143266,106.9216033,[{'label_pomegranate': 0.9837603569030762}],[{'label_pomegranate': 1}]
31,39,63,44,41,24.17298839,83.7287574,5.583370042,257.0343554,[{'label_rice': 0.9927454590797424}],[{'label_rice': 1}]
32,194,71,60,22,26.07470121,59.37147589,6.2048017,85.75692395,[{'label_maize': 0.9958534240722656}],[{'label_maize': 1}]
33,1430,100,17,48,29.72791119,94.29753295,6.367800632000001,26.52364146,[{'label_muskmelon': 1.0}],[{'label_muskmelon': 1}]
34,1855,29,8,28,26.87037587,91.72546257,6.100429497,214.4128874,[{'label_coconut': 1.0}],[{'label_coconut': 1}]
35,1912,140,38,15,24.1472953,75.88298598,6.021439523,69.91563467,[{'label_cotton': 0.9937853813171387}],[{'label_cotton': 1}]
36,1170,18,20,26,31.66524687,51.98594645,5.435840509,89.98024312,[{'label_mango': 0.999998927116394}],[{'label_mango': 1}]
37,1124,38,15,30,28.91862016,48.13974548,5.075504537,97.01331604,[{'label_mango': 0.9999951124191284}],[{'label_mango': 1}]
38,1344,103,16,49,24.06731461,81.64075303,6.915717008,51.75212401,[{'label_watermelon': 0.9999985694885254}],[{'label_watermelon': 1}]
39,563,28,57,17,30.47757686,61.58245338,9.416003106,61.86633917,"[{'label_blackgram': 0.7956351637840271}, {'label_mothbeans': 0.19941401481628418}]",[{'label_mothbeans': 1}]
40,195,90,57,24,18.92851916,72.80086137,6.158860284,82.34162918,[{'label_maize': 0.975881040096283}],[{'label_maize': 1}]
41,793,59,63,18,31.65531175,60.13263713,6.52669158,66.69096751,[{'label_blackgram': 0.9952054023742676}],[{'label_blackgram': 1}]
42,477,0,70,21,36.30049702,56.03021253,4.672437054,101.6073988,[{'label_pigeonpeas': 0.9965193271636963}],[{'label_pigeonpeas': 1}]
43,1375,88,5,47,25.86475496,86.67468041,6.662244646,41.16554802,[{'label_watermelon': 0.9999988079071045}],[{'label_watermelon': 1}]
44,452,17,67,18,31.2192752,56.46868874,5.611510977000001,129.20286529999998,[{'label_pigeonpeas': 0.9996627569198608}],[{'label_pigeonpeas': 1}]
45,672,34,35,21,28.44524991,82.67639542,6.684381357,58.18713162,[{'label_mungbean': 0.9997941851615906}],[{'label_mungbean': 1}]
46,353,3,77,25,24.84906168,22.89464642,5.608165195,62.21292186,[{'label_kidneybeans': 0.9999879598617554}],[{'label_kidneybeans': 1}]
47,393,14,67,15,19.56376468,24.67385131,5.690065688,139.2921004,[{'label_kidneybeans': 0.9980913996696472}],[{'label_kidneybeans': 1}]
48,1961,107,43,18,22.426733,81.53480799,6.745104394,65.54475812,"[{'label_cotton': 0.9127954244613647}, {'label_maize': 0.08720456063747406}]",[{'label_cotton': 1}]
49,661,30,44,16,29.73013036,82.89166381,6.442335592999999,50.91511275,[{'label_mungbean': 0.9999573230743408}],[{'label_mungbean': 1}]
50,512,27,43,23,31.70447482,56.85420099,5.875333778,44.94317432,[{'label_mothbeans': 0.9858632683753967}],[{'label_mothbeans': 1}]
51,721,25,71,24,28.49538735,60.44848407,7.187721817999999,74.91559514,[{'label_blackgram': 0.9196063876152039}],[{'label_blackgram': 1}]
52,1535,23,138,195,22.49095104,91.70292746,5.7959857160000015,124.3915101,[{'label_apple': 1.0}],[{'label_apple': 1}]
53,1401,114,27,48,27.82054812,93.03555162,6.528404377999999,26.32405487,[{'label_muskmelon': 1.0}],[{'label_muskmelon': 1}]
54,491,4,69,19,19.25100056,47.70351758,5.374358869,149.063196,[{'label_pigeonpeas': 0.9994932413101196}],[{'label_pigeonpeas': 1}]
55,1078,118,88,51,25.44926208,79.49221962,6.201911642000001,100.6619171,[{'label_banana': 0.9999980926513672}],[{'label_banana': 1}]
56,1724,31,48,45,40.78881819,92.90951393,6.563134737,132.7923586,"[{'label_papaya': 0.5913527607917786}, {'label_mango': 0.40713879466056824}]",[{'label_papaya': 1}]
57,1165,15,36,27,27.78912455,53.96886679,5.6437102160000014,91.01152997,[{'label_mango': 0.9979918003082275}],[{'label_mango': 1}]
58,883,14,76,20,29.05941162,62.10652364,7.042474679,36.5011366,[{'label_lentil': 0.9993926286697388}],[{'label_lentil': 1}]
59,1918,123,39,24,25.00755095,78.17952126,7.453106264,86.06411872,"[{'label_cotton': 0.8726900815963745}, {'label_maize': 0.12730976939201355}]",[{'label_cotton': 1}]
60,1675,25,21,11,32.23797837,90.15406807,6.460044777999999,104.7052254,[{'label_orange': 0.9999990463256836}],[{'label_orange': 1}]
61,641,10,59,15,29.83040388,89.30428305,6.32400451,58.86687093,[{'label_mungbean': 0.9995237588882446}],[{'label_mungbean': 1}]
62,1386,92,7,48,26.27520631,86.63249555,6.956508826,54.38748495,[{'label_watermelon': 0.9999990463256836}],[{'label_watermelon': 1}]
63,76,67,47,44,26.73072391,81.78596776,7.868474653,280.4044392,[{'label_rice': 0.9949893355369568}],[{'label_rice': 1}]
64,1422,107,12,46,29.57240298,93.61870344,6.559763394,27.56918621,[{'label_muskmelon': 1.0}],[{'label_muskmelon': 1}]
65,1573,7,141,195,23.8812458,93.45067555,5.514253142,104.9116663,[{'label_apple': 1.0}],[{'label_apple': 1}]
66,1200,24,130,195,29.99677232,81.54156612,6.112305667,67.12534492,[{'label_grapes': 1.0}],[{'label_grapes': 1}]
67,2123,104,26,30,24.40726724,62.65692638,6.410992833,148.6977358,[{'label_coffee': 0.9992184638977051}],[{'label_coffee': 1}]
68,1585,35,142,203,21.17089176,90.23730166,5.895319002000001,123.6495149,[{'label_apple': 1.0}],[{'label_apple': 1}]
69,1629,5,18,14,33.105698100000005,93.48447453,7.434118807000001,119.1709113,[{'label_orange': 0.9999949932098389}],[{'label_orange': 1}]
70,1839,14,21,35,29.52501367,91.91185319,6.121005506,194.3100272,[{'label_coconut': 0.9999990463256836}],[{'label_coconut': 1}]
71,991,30,20,38,22.59890174,93.16343942,7.058222596,110.0932899,[{'label_pomegranate': 0.9977610111236572}],[{'label_pomegranate': 1}]
72,300,13,60,25,17.13692774,20.59541693,5.68597166,128.256862,[{'label_kidneybeans': 0.9999643564224243}],[{'label_kidneybeans': 1}]
73,135,98,44,21,25.77175115,74.089114,6.524478032,107.4931917,[{'label_maize': 0.9816014766693115}],[{'label_maize': 1}]
74,1299,35,134,204,9.949929082,82.55138983,5.841138354,66.00817551,[{'label_grapes': 1.0}],[{'label_grapes': 1}]
75,517,0,55,25,28.17489437,43.6672299,4.524171562,45.78172762,[{'label_mothbeans': 0.986454427242279}],[{'label_mothbeans': 1}]
76,220,26,80,83,17.08498521,16.14565756,7.528599957000001,71.31007253,[{'label_chickpea': 1.0}],[{'label_chickpea': 1}]
77,148,74,43,23,25.95263264,61.89082199,6.325235159,99.57981207,[{'label_maize': 0.9970248341560364}],[{'label_maize': 1}]
78,2091,77,55,43,25.49941707,75.99987588,6.663559451,193.71418280000003,"[{'label_jute': 0.8581265807151794}, {'label_rice': 0.14100760221481323}]",[{'label_jute': 1}]
79,1151,21,31,32,35.38598705,51.42664176,5.254532213,90.29643888,[{'label_mango': 0.9999994039535522}],[{'label_mango': 1}]
80,14,94,50,37,25.66585205,80.66385045,6.94801983,209.5869708,"[{'label_jute': 0.5918328762054443}, {'label_rice': 0.4081098437309265}]",[{'label_rice': 1}]
81,768,23,57,19,32.83963757,67.99803573,7.251000789,73.40452716,"[{'label_blackgram': 0.7291519641876221}, {'label_mothbeans': 0.25910916924476624}]",[{'label_blackgram': 1}]
82,1343,107,5,52,26.6634609,89.98405233,6.8814257460000015,57.40847165,[{'label_watermelon': 0.9999998807907104}],[{'label_watermelon': 1}]
83,1385,92,20,55,25.10474753,87.52676159999999,6.5877912620000005,59.26519444,[{'label_watermelon': 0.9999960660934448}],[{'label_watermelon': 1}]
84,1444,106,10,49,27.72653142,92.00687531,6.350623739,20.21126747,[{'label_muskmelon': 1.0}],[{'label_muskmelon': 1}]
85,1958,116,52,19,22.94276687,75.37170612,6.114525877,67.08022574,"[{'label_cotton': 0.8764451146125793}, {'label_maize': 0.12355490028858185}]",[{'label_cotton': 1}]
86,132,84,57,25,22.53510514,67.99257471,6.489040367,64.40866039,[{'label_maize': 0.9673676490783691}],[{'label_maize': 1}]
87,811,2,75,22,23.89271875,61.78779413,6.658605362,52.55730112,[{'label_lentil': 0.9919424057006836}],[{'label_lentil': 1}]
88,521,22,49,22,28.23494706,61.5620517,3.71105919,72.66666443,"[{'label_blackgram': 0.5844108462333679}, {'label_mothbeans': 0.27546796202659607}, {'label_pigeonpeas': 0.10632676631212234}]",[{'label_mothbeans': 1}]
89,1786,69,66,49,40.00439101,90.17015833,6.52711001,92.11877372,[{'label_papaya': 0.9730809926986694}],[{'label_papaya': 1}]
90,711,57,67,25,32.34744009,66.61452812,7.551364319,64.55882254,[{'label_blackgram': 0.9717368483543396}],[{'label_blackgram': 1}]
91,2010,89,53,44,24.88692811,71.91711523,7.319735475,150.2498675,[{'label_jute': 0.9143038392066956}],[{'label_jute': 1}]
92,651,11,46,24,27.65280218,89.80650642,6.459252023,56.52558045,[{'label_mungbean': 0.9999988079071045}],[{'label_mungbean': 1}]
93,1259,17,136,195,41.20733624,81.61051026,6.389783283,65.90227462,[{'label_grapes': 1.0}],[{'label_grapes': 1}]
94,648,4,59,25,27.68515114,81.94268594,6.227134139,54.62243308,"[{'label_mungbean': 0.818778395652771}, {'label_lentil': 0.11038317531347275}, {'label_mothbeans': 0.07052876800298691}]",[{'label_mungbean': 1}]
95,107,89,60,19,25.19192419,66.69029010000001,5.913664501,78.06639649,[{'label_maize': 0.9928519129753113}],[{'label_maize': 1}]
96,2197,118,33,30,24.13179691,67.22512329,6.362607851,173.32283859999995,[{'label_coffee': 0.9993847608566284}],[{'label_coffee': 1}]
97,2094,93,43,38,23.61475336,86.14290267,6.987332927000001,150.2355238,"[{'label_jute': 0.8709564805030823}, {'label_rice': 0.12423604726791382}]",[{'label_jute': 1}]
98,812,3,69,23,28.67408774,63.18832976,7.299360767,42.96018627,[{'label_lentil': 0.9939697980880737}],[{'label_lentil': 1}]
99,289,22,60,85,18.8392908,14.74071856,7.811997977000001,94.78189594,[{'label_chickpea': 1.0}],[{'label_chickpea': 1}]
100,1663,26,11,11,13.70319166,90.95589386,7.609348255,106.2944879,[{'label_orange': 0.9999992847442627}],[{'label_orange': 1}]
101,2077,72,41,36,24.09874353,80.57226761,6.187746776,176.8604109,"[{'label_jute': 0.8331829905509949}, {'label_rice': 0.16626371443271637}]",[{'label_jute': 1}]
102,667,4,41,20,28.14720892,83.8001509,6.647965508,37.44800463,[{'label_mungbean': 0.9999998807907104}],[{'label_mungbean': 1}]
103,1010,118,88,52,28.65003945,82.68752542,5.8431631610000005,98.75084366,[{'label_banana': 0.999997615814209}],[{'label_banana': 1}]
104,1023,80,71,47,27.50527651,80.79783998,6.156373499,105.0776992,[{'label_banana': 0.9990025162696838}],[{'label_banana': 1}]
105,48,79,43,39,21.66628296,80.70960551,7.062779015,210.8142087,"[{'label_rice': 0.6167050004005432}, {'label_jute': 0.38320213556289673}]",[{'label_rice': 1}]
106,1303,114,8,50,24.74631269,88.30866319,6.581587932000001,57.95826144,[{'label_watermelon': 0.9999997615814209}],[{'label_watermelon': 1}]
107,2188,107,31,31,23.17124551,52.97841162,6.766184468,153.12016440000005,[{'label_coffee': 0.9998421669006348}],[{'label_coffee': 1}]
108,489,26,64,22,25.95058595,40.58227261,5.16516459,109.1821183,[{'label_pigeonpeas': 0.9965882301330566}],[{'label_pigeonpeas': 1}]
109,1407,114,30,51,29.24908541,90.06998135,6.069171847000001,25.93496537,[{'label_muskmelon': 1.0}],[{'label_muskmelon': 1}]
110,1484,120,16,51,27.99901833,91.64193051,6.547041902999999,23.28618248,[{'label_muskmelon': 1.0}],[{'label_muskmelon': 1}]
111,1190,7,31,27,31.32863689,47.59319575,6.524114355,94.67344737,[{'label_mango': 0.9999995231628418}],[{'label_mango': 1}]
112,2185,116,36,25,27.57847581,58.52534263,6.172090205,156.6810374,[{'label_coffee': 0.9998798370361328}],[{'label_coffee': 1}]
113,1268,29,142,203,29.67229086,83.71498986,5.891195653,66.48490371,[{'label_grapes': 1.0}],[{'label_grapes': 1}]
114,1614,24,18,6,26.56608303,94.45239715,6.285312759,116.3796525,[{'label_orange': 1.0}],[{'label_orange': 1}]
115,966,3,27,44,24.56811204,92.03009222,6.591302797000001,110.9633894,[{'label_pomegranate': 0.99974125623703}],[{'label_pomegranate': 1}]
116,674,23,39,22,29.25649321,81.97952224,6.86483915,42.02483277,[{'label_mungbean': 0.9999949932098389}],[{'label_mungbean': 1}]
117,847,26,63,17,29.87854588,65.73085206,6.950300686,44.95654782,[{'label_lentil': 0.9706497192382812}],[{'label_lentil': 1}]
118,156,84,44,21,21.869274,61.91044947,5.850439831,107.2681929,[{'label_maize': 0.9979666471481323}],[{'label_maize': 1}]
119,2032,67,60,38,24.79853023,78.53037059,7.16214284,162.2847429,"[{'label_jute': 0.9203077554702759}, {'label_rice': 0.07090762257575989}]",[{'label_jute': 1}]
120,987,11,10,45,22.63045168,88.45577158,6.397995609,109.0357597,[{'label_pomegranate': 0.9999386072158813}],[{'label_pomegranate': 1}]
121,898,34,73,15,20.97195263,63.83179889,7.630424082999999,53.10207889,"[{'label_lentil': 0.8434241414070129}, {'label_blackgram': 0.15647000074386597}]",[{'label_lentil': 1}]
122,1664,19,24,15,20.48954522,93.72485075,7.137136973,111.83919509999998,[{'label_orange': 0.9999969005584717}],[{'label_orange': 1}]
123,259,20,79,77,18.54988627,16.02542689,7.64867466,76.32565249,[{'label_chickpea': 1.0}],[{'label_chickpea': 1}]
124,200,40,72,77,17.02498456,16.98861173,7.485996067,88.55123143,[{'label_chickpea': 1.0}],[{'label_chickpea': 1}]
125,781,58,61,15,30.94908189,64.23364112,7.402891666,62.78730907,[{'label_blackgram': 0.997565746307373}],[{'label_blackgram': 1}]
126,946,29,22,43,19.66329768,87.95158129,5.561851831,106.0380805,[{'label_pomegranate': 0.9994958639144897}],[{'label_pomegranate': 1}]
127,1657,12,20,10,24.45132792,93.10527686,6.528354932,109.4711098,[{'label_orange': 0.9999998807907104}],[{'label_orange': 1}]
128,206,58,70,84,20.6543203,16.60820843,6.231049027999999,74.6631118,[{'label_chickpea': 1.0}],[{'label_chickpea': 1}]
129,1752,34,48,48,41.04224355,91.37258067,6.805277038,181.527598,[{'label_papaya': 0.9629132151603699}],[{'label_papaya': 1}]
130,532,8,45,15,28.09568993,60.98353839999999,4.61136408,33.84110759,"[{'label_mothbeans': 0.5363120436668396}, {'label_lentil': 0.44835299253463745}]",[{'label_mothbeans': 1}]
131,597,33,47,17,24.86803974,48.27531965,8.621514073,63.9187654,"[{'label_mothbeans': 0.5925755500793457}, {'label_blackgram': 0.368872731924057}]",[{'label_mothbeans': 1}]
132,1496,82,26,47,28.50416396,93.46806467,6.565312652999999,24.20007242,[{'label_muskmelon': 1.0}],[{'label_muskmelon': 1}]
133,638,36,43,22,27.82684262,87.16679147,6.3898821660000005,58.37249772,[{'label_mungbean': 0.9999498128890991}],[{'label_mungbean': 1}]
134,191,91,55,15,18.09300227,72.61024172,6.376651091,78.96159541,"[{'label_maize': 0.7053098678588867}, {'label_cotton': 0.29468220472335815}]",[{'label_maize': 1}]
135,616,19,53,22,27.8640132,80.4513142,6.852884642999999,42.83053902,[{'label_mungbean': 0.9996100068092346}],[{'label_mungbean': 1}]
136,1818,22,11,29,28.03380598,95.01630593,5.955742971,218.0055713,[{'label_coconut': 1.0}],[{'label_coconut': 1}]
137,917,11,18,42,21.57936934,94.88267728,5.938528744,102.8593382,[{'label_pomegranate': 0.999981164932251}],[{'label_pomegranate': 1}]
138,1630,29,25,14,30.49183837,90.4582865,7.781988584,113.3302105,[{'label_orange': 0.9999923706054688}],[{'label_orange': 1}]
139,757,44,76,22,27.26458947,68.01232937,7.775306272000001,68.91754359,[{'label_blackgram': 0.9965482354164124}],[{'label_blackgram': 1}]
140,724,20,60,25,27.3254209,69.09047809,6.726469087999999,61.19250859,"[{'label_blackgram': 0.6401184797286987}, {'label_lentil': 0.2949076294898987}, {'label_mothbeans': 0.06123868003487587}]",[{'label_blackgram': 1}]
141,1266,40,121,199,26.18159716,81.03886263,6.315586313,66.05911698,[{'label_grapes': 1.0}],[{'label_grapes': 1}]
142,1593,14,140,197,23.35225078,90.90054697,6.071255131,113.0381382,[{'label_apple': 1.0}],[{'label_apple': 1}]
143,2196,99,15,27,27.41711238,56.63636248,6.086922359,127.92461000000002,[{'label_coffee': 0.9999414682388306}],[{'label_coffee': 1}]
144,245,35,64,78,17.92845928,14.27327988,7.496645259,85.37378769,[{'label_chickpea': 1.0}],[{'label_chickpea': 1}]
145,1506,27,139,205,22.48403042,93.40819246,5.7721799460000005,105.5473627,[{'label_apple': 1.0}],[{'label_apple': 1}]
146,2063,75,36,44,23.28081,74.27607475,6.613341342999999,153.7447398,"[{'label_jute': 0.8587811589241028}, {'label_rice': 0.13486823439598083}]",[{'label_jute': 1}]
147,1154,36,26,26,30.17294105,51.0845903,6.814630246,95.23444287,[{'label_mango': 0.9998941421508789}],[{'label_mango': 1}]
148,1351,90,16,45,24.92093261,80.61750795,6.291540277999999,50.55710813,[{'label_watermelon': 0.9999926090240479}],[{'label_watermelon': 1}]
149,1782,48,62,47,25.34756111,93.02871078,6.803094965,174.40123369999995,[{'label_papaya': 0.9512531757354736}],[{'label_papaya': 1}]
150,1611,33,12,8,25.26052689,90.31153735,6.822282114,117.36952959999998,[{'label_orange': 0.9999995231628418}],[{'label_orange': 1}]
151,1890,27,10,33,27.81132822,97.48410555,6.465906333,154.06212209999995,[{'label_coconut': 0.9999986886978149}],[{'label_coconut': 1}]
152,557,4,46,15,31.01274943,62.40392519,3.504752314,63.77192383,"[{'label_mothbeans': 0.7414336800575256}, {'label_blackgram': 0.1863439679145813}, {'label_lentil': 0.06588821113109589}]",[{'label_mothbeans': 1}]
153,1093,105,93,46,25.01018457,78.76260938,5.760457558,108.3690513,[{'label_banana': 0.9999834299087524}],[{'label_banana': 1}]
154,974,15,6,41,19.0087067,88.83768149,6.8973684770000006,108.6793978,[{'label_pomegranate': 0.9998703002929688}],[{'label_pomegranate': 1}]
155,283,53,73,77,19.71359733,18.09665739,7.325451279,73.64476535,[{'label_chickpea': 1.0}],[{'label_chickpea': 1}]
156,1339,80,16,46,25.50405534,81.40297428,6.940236218,48.47833278,[{'label_watermelon': 0.9999842643737793}],[{'label_watermelon': 1}]
157,716,59,55,19,31.74379487,62.51007687,7.332375138,68.97097538,[{'label_blackgram': 0.9680806994438171}],[{'label_blackgram': 1}]
158,1528,9,137,200,21.12152071,90.6878768,5.636687393,102.8017203,[{'label_apple': 1.0}],[{'label_apple': 1}]
159,2066,77,48,36,25.86705009,84.09985284,7.36008498,154.83908469999997,"[{'label_jute': 0.8723859786987305}, {'label_rice': 0.12316759675741196}]",[{'label_jute': 1}]
160,868,12,71,19,24.91079638,60.71367427,7.142611056000002,42.19740397,[{'label_lentil': 0.9976903200149536}],[{'label_lentil': 1}]
161,461,20,77,23,34.87248659,38.83786012,5.180271502,148.25027859999997,[{'label_pigeonpeas': 0.9986296892166138}],[{'label_pigeonpeas': 1}]
162,2000,89,47,38,25.52468965,72.24850829,6.002524871,151.8869972,"[{'label_jute': 0.8793032765388489}, {'label_rice': 0.10898716747760773}]",[{'label_jute': 1}]
163,384,29,68,23,24.1638445,19.27907819,5.82738029,116.7324324,[{'label_kidneybeans': 0.9999986886978149}],[{'label_kidneybeans': 1}]
164,390,20,73,22,16.03768615,22.33195853,5.976312537999999,130.3900798,[{'label_kidneybeans': 0.9999967813491821}],[{'label_kidneybeans': 1}]
165,1456,118,12,47,27.96872279,92.17444796,6.010739645,28.94766949,[{'label_muskmelon': 1.0}],[{'label_muskmelon': 1}]
166,57,91,36,45,24.44345477,82.45432595,5.950647577000001,267.97619480000003,[{'label_rice': 0.9777700304985046}],[{'label_rice': 1}]
167,1432,104,25,51,28.96361426,93.88482153,6.469983276000002,23.56130173,[{'label_muskmelon': 1.0}],[{'label_muskmelon': 1}]
168,1074,97,74,45,26.47522633,78.51833782,5.677719902000001,113.1161095,[{'label_banana': 0.9995680451393127}],[{'label_banana': 1}]
169,1621,0,25,14,19.33516809,91.97978938,6.361671475,116.450422,[{'label_orange': 0.9999939203262329}],[{'label_orange': 1}]
170,436,26,72,22,28.76794904,37.57792132,4.674941549,91.72084869,[{'label_pigeonpeas': 0.9957583546638489}],[{'label_pigeonpeas': 1}]
171,1530,37,126,196,23.59997268,90.97597665,5.596449493,107.17281909999998,[{'label_apple': 1.0}],[{'label_apple': 1}]
172,569,40,45,20,29.37687468,57.69622912,6.878498176,38.34303462,[{'label_mothbeans': 0.9933577179908752}],[{'label_mothbeans': 1}]
173,1888,8,28,30,25.51618488,94.33465411,6.015672239,135.1272491,[{'label_coconut': 0.9980587363243103}],[{'label_coconut': 1}]
174,1985,129,43,16,25.5503704,77.85055621,6.73210948,78.58488484,[{'label_cotton': 0.9676010012626648}],[{'label_cotton': 1}]
175,629,23,59,25,27.826262300000003,88.73100226,6.320768488,56.68833819,[{'label_mungbean': 0.9997324347496033}],[{'label_mungbean': 1}]
176,391,40,78,20,19.18572809,20.83398341,5.669236258,80.15293435,[{'label_kidneybeans': 0.9999996423721313}],[{'label_kidneybeans': 1}]
177,985,39,25,36,18.90223032,94.99897537,5.567805185,107.6103211,[{'label_pomegranate': 0.9970093369483948}],[{'label_pomegranate': 1}]
178,1738,44,57,53,42.30495821,90.51431779,6.93172108,74.876786,[{'label_papaya': 0.9992561936378479}],[{'label_papaya': 1}]
179,1632,8,16,6,12.22816189,90.26457428,7.106650373,108.4161706,[{'label_orange': 1.0}],[{'label_orange': 1}]
180,18,77,38,36,21.8652524,80.1923008,5.953933276,224.55501690000003,[{'label_rice': 0.9562745690345764}],[{'label_rice': 1}]
181,1790,51,57,55,24.70528368,90.14732171,6.6764073370000006,108.4103158,[{'label_papaya': 0.9983478784561157}],[{'label_papaya': 1}]
182,1742,70,68,55,42.84609252,94.63548176,6.691202286,78.80996390000001,[{'label_papaya': 0.9991427659988403}],[{'label_papaya': 1}]
183,438,14,74,19,18.39759147,36.82639309,6.624966131,93.12330644,"[{'label_pigeonpeas': 0.8649751543998718}, {'label_kidneybeans': 0.1349656730890274}]",[{'label_pigeonpeas': 1}]
184,333,9,77,17,20.12373284,24.45202552,5.783425416,106.158201,[{'label_kidneybeans': 0.9999649524688721}],[{'label_kidneybeans': 1}]
185,1091,96,86,51,29.90888522,76.98740841,6.257369799,91.99964712,[{'label_banana': 0.99998939037323}],[{'label_banana': 1}]
186,1894,27,8,30,26.44600063,98.29937782,6.008386282999999,221.2258168,[{'label_coconut': 1.0}],[{'label_coconut': 1}]
187,459,25,64,20,33.15122581,32.45974539,4.807776748999999,105.03802749999998,[{'label_pigeonpeas': 0.9971342086791992}],[{'label_pigeonpeas': 1}]
188,47,74,39,38,23.24113501,84.59201843,7.782051312999999,233.0453455,[{'label_rice': 0.9621410965919495}],[{'label_rice': 1}]
189,1702,45,47,55,38.4191628,91.14220381,6.751452932,119.2653877,[{'label_papaya': 0.9947718977928162}],[{'label_papaya': 1}]
190,182,60,57,24,18.66116213,61.55327249,6.1212940410000005,75.03247667,[{'label_maize': 0.9576359987258911}],[{'label_maize': 1}]
191,2083,90,50,44,26.91643698,73.48655995,6.253408852000001,171.4716375,"[{'label_jute': 0.8521150946617126}, {'label_rice': 0.14574551582336426}]",[{'label_jute': 1}]
192,575,27,59,20,28.00937423,52.60950014,4.397698806,36.01203025,[{'label_lentil': 0.9240797162055969}],[{'label_mothbeans': 1}]
193,11,90,46,42,23.97898217,81.45061596,7.50283396,250.0832336,"[{'label_rice': 0.9256048798561096}, {'label_jute': 0.0743890181183815}]",[{'label_rice': 1}]
194,175,77,52,17,24.86374934,65.7420046,5.714799723,75.82270467,[{'label_maize': 0.9970481991767883}],[{'label_maize': 1}]
195,2146,98,29,30,25.64004392,61.03273481,6.217974349,199.4735636,[{'label_coffee': 0.9938315153121948}],[{'label_coffee': 1}]
196,453,5,55,18,33.50876355,45.70976142,7.322097972000001,126.6738117,[{'label_pigeonpeas': 0.998143196105957}],[{'label_pigeonpeas': 1}]
197,1830,16,6,29,29.28725038,91.95614918,5.868285082000001,132.1491176,[{'label_coconut': 0.9999009370803833}],[{'label_coconut': 1}]
198,251,44,74,85,20.18649426,19.63719995,7.150681303,78.26039559,[{'label_chickpea': 1.0}],[{'label_chickpea': 1}]
199,1174,26,24,34,31.27180992,52.23810152,6.811291098,89.74409017,[{'label_mango': 0.9999988079071045}],[{'label_mango': 1}]
200,1802,13,28,33,28.130115000000004,95.64807631,5.686972967000001,151.0761899,[{'label_coconut': 0.9999701976776123}],[{'label_coconut': 1}]
201,937,36,24,41,24.94467632,94.25702672,7.009180374,103.8799347,[{'label_pomegranate': 0.9986467957496643}],[{'label_pomegranate': 1}]
202,145,96,46,22,20.58314011,69.00128641,6.499936446,66.29390357,"[{'label_cotton': 0.5272421836853027}, {'label_maize': 0.4727412462234497}]",[{'label_maize': 1}]
203,518,7,45,22,25.50634557,44.8302551,9.926212291,74.32635105,"[{'label_mango': 0.5284128189086914}, {'label_mothbeans': 0.46994197368621826}]",[{'label_mothbeans': 1}]
204,562,17,56,17,27.94293692,45.41393636,5.9565851,69.66289997,"[{'label_pigeonpeas': 0.5446118712425232}, {'label_mothbeans': 0.43061232566833496}]",[{'label_mothbeans': 1}]
205,1633,15,14,8,10.01081312,90.22399223,6.22094286,119.3941064,[{'label_orange': 0.9999991655349731}],[{'label_orange': 1}]
206,1490,80,18,51,28.05380704,91.81758779,6.706053225,20.76582087,[{'label_muskmelon': 1.0}],[{'label_muskmelon': 1}]
207,162,67,51,24,23.50297882,61.32026065,5.584171461,64.77791424,[{'label_maize': 0.960599958896637}],[{'label_maize': 1}]
208,488,27,71,24,31.46417866,48.17631461,7.064973419,165.40535400000005,[{'label_pigeonpeas': 0.9995811581611633}],[{'label_pigeonpeas': 1}]
209,1001,105,95,50,27.33368994,83.67675197,5.849076099,101.0494791,[{'label_banana': 0.9999942779541016}],[{'label_banana': 1}]
210,229,43,68,81,17.47809436,17.93253975,6.761599706,78.92060234,[{'label_chickpea': 1.0}],[{'label_chickpea': 1}]
211,785,27,60,17,26.41768321,63.64698302,7.026795358999999,64.42177127,[{'label_blackgram': 0.9830119013786316}],[{'label_blackgram': 1}]
212,422,16,55,19,19.54314136,47.19188279,6.413543781,192.4372194,[{'label_pigeonpeas': 0.9998992681503296}],[{'label_pigeonpeas': 1}]
213,1642,24,27,9,18.86883219,93.24688124,6.157135092000001,119.3936976,[{'label_orange': 0.9999996423721313}],[{'label_orange': 1}]
214,568,25,35,20,28.90245417,43.35365671,8.923095695,71.90018566,[{'label_mothbeans': 0.9776455163955688}],[{'label_mothbeans': 1}]
215,619,24,53,17,28.95451232,89.07866095,6.421271178,57.65901369,[{'label_mungbean': 0.999984860420227}],[{'label_mungbean': 1}]
216,1136,16,35,31,32.27652024,50.19368841,5.316875978000001,95.99487068,[{'label_mango': 0.9999939203262329}],[{'label_mango': 1}]
217,1789,57,64,55,26.68386496,92.9585411,6.583760498999999,62.50689682,[{'label_papaya': 0.9999496936798096}],[{'label_papaya': 1}]
218,1439,108,22,47,28.53545677,91.72742702,6.161123579,25.1290048,[{'label_muskmelon': 1.0}],[{'label_muskmelon': 1}]
219,958,4,19,43,18.07132963,93.14554876,5.7794274020000005,106.3602023,[{'label_pomegranate': 0.999988317489624}],[{'label_pomegranate': 1}]
220,98,78,35,44,26.54348085,84.67353597,7.072655622,183.6222657,"[{'label_jute': 0.8773496747016907}, {'label_rice': 0.12156649678945541}]",[{'label_rice': 1}]
221,30,73,57,41,21.44653958,84.94375962,5.824709117,272.2017204,[{'label_rice': 0.9964740872383118}],[{'label_rice': 1}]
222,712,52,63,19,29.58949031,68.32176769,6.928898659,67.53021213,[{'label_blackgram': 0.9957770109176636}],[{'label_blackgram': 1}]
223,1747,34,65,48,41.41968393,90.03863107,6.665024507999999,199.3096432,[{'label_papaya': 0.9998549222946167}],[{'label_papaya': 1}]
224,703,42,73,25,34.03679184,67.21113844,6.501869314,73.23573601,[{'label_blackgram': 0.9905016422271729}],[{'label_blackgram': 1}]
225,2157,115,31,30,24.22984659,67.37768353,6.840927967000001,122.4073418,[{'label_coffee': 0.9993492960929871}],[{'label_coffee': 1}]
226,133,64,35,23,23.02038334,61.89472002,5.680361037999999,63.03843397,[{'label_maize': 0.9289247989654541}],[{'label_maize': 1}]
227,2141,80,30,25,26.24092174,65.64381357,7.487266991,148.37712019999995,"[{'label_coffee': 0.8226354122161865}, {'label_jute': 0.15591363608837128}]",[{'label_coffee': 1}]
228,1608,39,24,14,30.55472573,90.90343769,7.189259647,106.0711985,[{'label_orange': 0.9999904632568359}],[{'label_orange': 1}]
229,17,91,35,39,23.79391957,80.41817957,6.970859754,206.2611855,"[{'label_jute': 0.6914531588554382}, {'label_rice': 0.307661771774292}]",[{'label_rice': 1}]
230,572,3,56,17,28.19912143,53.50567601,8.709291687999999,52.13580529,"[{'label_mothbeans': 0.8025909662246704}, {'label_blackgram': 0.17342686653137207}]",[{'label_mothbeans': 1}]
231,621,31,53,16,28.7420098,85.81675947,6.452006451,48.54598575,[{'label_mungbean': 0.9999669790267944}],[{'label_mungbean': 1}]
232,1622,8,7,10,28.2620488,91.98317355,6.929216014,105.2132259,[{'label_orange': 0.9999998807907104}],[{'label_orange': 1}]
233,379,5,65,16,21.32776028,18.48522915,5.866744372,109.1013261,[{'label_kidneybeans': 0.9999852180480957}],[{'label_kidneybeans': 1}]
234,989,3,26,39,24.38318965,91.19431555,7.079973241,103.6012114,[{'label_pomegranate': 0.9996335506439209}],[{'label_pomegranate': 1}]
235,1833,8,6,33,28.27804288,93.64761266,6.095261012999999,171.9457959,[{'label_coconut': 1.0}],[{'label_coconut': 1}]
236,1199,18,26,31,32.611261400000004,47.74916499,5.418475257000001,91.10190759,[{'label_mango': 0.9999998807907104}],[{'label_mango': 1}]
237,692,22,54,20,28.56149805,83.63802195,6.689825155,41.013132,[{'label_mungbean': 0.9999682903289795}],[{'label_mungbean': 1}]
238,1944,127,37,18,24.87663664,76.30050373,7.041065585,91.9223468,"[{'label_cotton': 0.9366185665130615}, {'label_maize': 0.06338139623403549}]",[{'label_cotton': 1}]
239,53,65,60,43,21.97199397,81.89918197,5.658169482000001,227.3637009,"[{'label_rice': 0.6447086334228516}, {'label_jute': 0.3497036397457123}]",[{'label_rice': 1}]
240,252,24,55,78,17.30287885,15.15405941,6.64919573,75.57790384,[{'label_chickpea': 1.0}],[{'label_chickpea': 1}]
241,687,19,39,17,29.2808618,81.8009244,6.890156495,44.47427436,[{'label_mungbean': 0.9999980926513672}],[{'label_mungbean': 1}]
242,1513,9,139,199,23.25230817,94.54128292,5.867420996,105.3558408,[{'label_apple': 1.0}],[{'label_apple': 1}]
243,486,39,77,21,22.99774444,60.24218572,4.603563116,159.689339,[{'label_pigeonpeas': 0.9998010993003845}],[{'label_pigeonpeas': 1}]
244,799,38,62,25,32.7477393,67.77954584,7.453975408,63.37784443,"[{'label_blackgram': 0.8617982268333435}, {'label_mothbeans': 0.11900694668292999}]",[{'label_blackgram': 1}]
245,27,97,50,41,24.52922681,80.54498576,7.070959995,260.2634026,"[{'label_rice': 0.9454798102378845}, {'label_jute': 0.054518770426511765}]",[{'label_rice': 1}]
246,1357,120,20,45,25.66576039,88.6984228,6.114128685,54.22722466,[{'label_watermelon': 0.9999915361404419}],[{'label_watermelon': 1}]
247,762,28,65,23,28.38686534,61.88871127,7.405176138,74.24459122,[{'label_blackgram': 0.9309616684913635}],[{'label_blackgram': 1}]
248,909,15,11,38,23.12808226,92.68328358,6.630646082999999,109.3930157,[{'label_pomegranate': 0.9991115927696228}],[{'label_pomegranate': 1}]
249,1683,24,30,11,32.39523995,94.51768464,6.601395755,113.25373,[{'label_orange': 0.9999995231628418}],[{'label_orange': 1}]
250,149,63,43,17,19.28889933,65.47050802,6.807487794,71.3195307,[{'label_maize': 0.9887688159942627}],[{'label_maize': 1}]
251,1292,6,125,204,27.92004934,82.93262435,5.7335398070000005,69.92092839,[{'label_grapes': 1.0}],[{'label_grapes': 1}]
252,276,32,71,85,20.62767492,14.44008871,6.4039823160000005,92.06630306,[{'label_chickpea': 1.0}],[{'label_chickpea': 1}]
253,474,9,59,24,20.43517772,39.37252634,4.747352458,137.22796619999997,[{'label_pigeonpeas': 0.9965415596961975}],[{'label_pigeonpeas': 1}]
254,2075,67,46,44,26.82489244,78.20392774,7.093328631,153.91998069999997,"[{'label_jute': 0.8962231278419495}, {'label_rice': 0.07047192752361298}]",[{'label_jute': 1}]
255,1730,44,56,49,39.23342464,91.25589286,6.519779582999999,64.4478499,[{'label_papaya': 0.9998078942298889}],[{'label_papaya': 1}]
256,963,13,30,37,20.86474944,91.61793636,6.277148771,106.8685636,[{'label_pomegranate': 0.9985746145248413}],[{'label_pomegranate': 1}]
257,2186,107,38,29,26.65069302,57.56695719,6.35118177,145.105065,[{'label_coffee': 0.9990002512931824}],[{'label_coffee': 1}]
258,1108,11,36,33,35.99009679,52.22780489,5.978634285,95.3713484,[{'label_mango': 0.9999998807907104}],[{'label_mango': 1}]
259,529,36,43,24,27.09400578,43.65305437,3.510404312,41.53749535,[{'label_mothbeans': 0.9471434354782104}],[{'label_mothbeans': 1}]
260,2099,84,38,43,26.57421679,73.81994896,7.26158085,159.3223075,"[{'label_jute': 0.8457527756690979}, {'label_rice': 0.1356644630432129}]",[{'label_jute': 1}]
261,1326,91,21,50,24.33528185,81.44030363,6.762030215,48.32113628,[{'label_watermelon': 0.9999951124191284}],[{'label_watermelon': 1}]
262,906,21,21,38,22.5526059,89.32594859999998,6.327673765,104.8955643,[{'label_pomegranate': 0.9990527033805847}],[{'label_pomegranate': 1}]
263,6,69,55,38,22.70883798,82.63941394,5.70080568,271.3248604,[{'label_rice': 0.9981080293655396}],[{'label_rice': 1}]
264,1293,32,138,197,9.535585543,80.73112694,5.908724337000001,69.44115171,[{'label_grapes': 1.0}],[{'label_grapes': 1}]
265,1835,29,25,35,28.3575072,91.64509299,5.542873799,160.73069909999995,[{'label_coconut': 0.9997795224189758}],[{'label_coconut': 1}]
266,2039,90,48,45,24.06475727,71.31342851,6.509174788999999,153.63902119999997,"[{'label_jute': 0.9044438600540161}, {'label_rice': 0.08264952152967453}]",[{'label_jute': 1}]
267,825,18,66,22,25.87990287,67.55109024,6.347379185,47.89645224,[{'label_lentil': 0.9936030507087708}],[{'label_lentil': 1}]
268,296,48,65,78,17.43732714,14.33847406,7.861128148,73.0926704,[{'label_chickpea': 1.0}],[{'label_chickpea': 1}]
269,2152,99,19,33,27.536454700000004,55.51673151,6.273741983,130.6377143,[{'label_coffee': 0.9999029636383057}],[{'label_coffee': 1}]
270,2110,84,36,28,26.7350622,55.55164819,6.119892347,140.63052130000003,[{'label_coffee': 0.9666225910186768}],[{'label_coffee': 1}]
271,1772,45,57,47,23.16855863,90.78821158,6.656458831,161.68920930000004,[{'label_papaya': 0.9591807126998901}],[{'label_papaya': 1}]
272,997,13,17,45,21.25433607,92.65058936,7.159520979,106.2784673,[{'label_pomegranate': 0.9999712705612183}],[{'label_pomegranate': 1}]
273,161,72,60,25,18.52510753,69.0276233,5.773454729,88.10234397,[{'label_maize': 0.9952568411827087}],[{'label_maize': 1}]
274,37,95,39,36,23.86330467,83.15250801,5.561398642,285.2493645,[{'label_rice': 0.9978461265563965}],[{'label_rice': 1}]
275,249,52,68,78,17.48504075,16.96070581,6.89655198,86.05078037,[{'label_chickpea': 1.0}],[{'label_chickpea': 1}]
276,487,13,75,20,30.55992394,35.29006485,6.979540061,178.8998611,"[{'label_pigeonpeas': 0.8281619548797607}, {'label_kidneybeans': 0.17183798551559448}]",[{'label_pigeonpeas': 1}]
277,1679,13,22,5,19.667056,90.50096668,7.764040111,100.1737964,[{'label_orange': 1.0}],[{'label_orange': 1}]
278,996,4,14,41,19.85139326,89.80732335,6.430163481,102.8186358,[{'label_pomegranate': 0.9999769926071167}],[{'label_pomegranate': 1}]
279,418,26,67,24,36.97794384,37.73992903,5.642813116,161.48129630000005,[{'label_pigeonpeas': 0.9991248250007629}],[{'label_pigeonpeas': 1}]
280,1801,37,23,28,25.61294367,94.3138837,5.7400545670000005,224.3206759,[{'label_coconut': 0.9999963045120239}],[{'label_coconut': 1}]
281,361,24,67,22,20.120043,22.89845607,5.618844277000001,104.6252153,[{'label_kidneybeans': 0.9999340772628784}],[{'label_kidneybeans': 1}]
282,964,40,11,44,24.45840036,86.10874614,6.322396027000001,111.3779693,[{'label_pomegranate': 0.9975003600120544}],[{'label_pomegranate': 1}]
283,1492,114,8,52,29.34081108,94.5513539,6.419083092,28.22908103,[{'label_muskmelon': 1.0}],[{'label_muskmelon': 1}]
284,503,4,43,18,29.02955344,61.09387478,8.840656256,72.98016599,[{'label_mothbeans': 0.9402803778648376}],[{'label_mothbeans': 1}]
285,1106,19,21,34,30.01592643,53.19212381,5.074272692,97.72843182,[{'label_mango': 0.9999990463256836}],[{'label_mango': 1}]
286,891,0,67,22,29.82112112,69.4073209,6.5937983870000005,51.56461082,[{'label_lentil': 0.983026921749115}],[{'label_lentil': 1}]
287,1099,117,81,53,29.50704598,78.20585613,5.507641777999999,98.12565829,[{'label_banana': 0.9999986886978149}],[{'label_banana': 1}]
288,748,23,70,15,34.600824700000004,63.11296779,7.403623355,60.41790253,[{'label_blackgram': 0.9888293147087097}],[{'label_blackgram': 1}]
289,1147,7,17,26,34.89226666,48.75613373,6.414526606,91.63074547,[{'label_mango': 1.0}],[{'label_mango': 1}]
290,342,28,66,23,21.53989176,24.25386207,5.99616119,120.6913038,[{'label_kidneybeans': 0.9998506307601929}],[{'label_kidneybeans': 1}]
291,1119,40,16,35,34.16438906,54.16482251,4.954739564,98.33351125,[{'label_mango': 0.9999998807907104}],[{'label_mango': 1}]
292,1916,135,43,16,23.47986888,81.73049149,6.720449769,86.76287924,[{'label_cotton': 0.9769151210784912}],[{'label_cotton': 1}]
293,657,9,48,20,29.66461594,84.28187572,6.377568542000001,56.09542002,[{'label_mungbean': 0.999893069267273}],[{'label_mungbean': 1}]
294,1775,44,47,45,38.73218907,94.73613484,6.579441304,218.142147,[{'label_papaya': 0.9997005462646484}],[{'label_papaya': 1}]
295,1277,16,130,201,29.12033769,82.79092939,5.682395429,68.8503047,[{'label_grapes': 1.0}],[{'label_grapes': 1}]
296,1226,13,132,203,23.60115364,82.48336987,6.423216506,73.23901752,[{'label_grapes': 1.0}],[{'label_grapes': 1}]
297,402,33,73,23,29.23540524,59.38967583,5.985792703,103.3301803,[{'label_pigeonpeas': 0.9948689937591553}],[{'label_pigeonpeas': 1}]
298,1771,67,68,49,35.26824831,92.38282957,6.821774589,149.8488208,"[{'label_papaya': 0.9057109355926514}, {'label_jute': 0.06999833136796951}]",[{'label_papaya': 1}]
299,2093,63,47,35,26.98582182,89.05587886,7.432768147000001,193.8778713,"[{'label_jute': 0.7328189611434937}, {'label_rice': 0.2622515559196472}]",[{'label_jute': 1}]
300,23,83,41,43,21.0525355,82.67839517,6.254028451,233.1075816,"[{'label_rice': 0.8975893259048462}, {'label_jute': 0.10238300263881683}]",[{'label_rice': 1}]
301,215,28,72,84,18.72963144,19.18197264,6.481783042999999,71.58010169,[{'label_chickpea': 1.0}],[{'label_chickpea': 1}]
302,1440,82,13,52,27.11535046,94.86907886,6.442810053,26.51924782,[{'label_muskmelon': 1.0}],[{'label_muskmelon': 1}]
303,2153,120,20,34,23.56960509,50.56339727,6.906124587000001,130.3797119,[{'label_coffee': 0.9999994039535522}],[{'label_coffee': 1}]
304,1318,81,18,50,26.80750629,88.22874955,6.429788072999999,58.79889057,[{'label_watermelon': 0.9999744892120361}],[{'label_watermelon': 1}]
305,80,68,57,43,26.08867875,80.37979919,5.706943251,182.9043504,"[{'label_jute': 0.930633008480072}, {'label_rice': 0.057093001902103424}]",[{'label_rice': 1}]
306,2035,78,50,43,25.12417673,85.72530641,6.348441469,159.5718087,"[{'label_jute': 0.922583818435669}, {'label_rice': 0.07309341430664062}]",[{'label_jute': 1}]
307,1766,63,58,50,43.03714283,94.6428898,6.720744449,41.5856585,[{'label_papaya': 0.9900389313697815}],[{'label_papaya': 1}]
308,1296,40,143,201,24.97256132,82.72828653,6.476757723,66.70016285,[{'label_grapes': 1.0}],[{'label_grapes': 1}]
309,1442,110,22,47,29.03157242,91.82172592,6.243673725,24.93861254,[{'label_muskmelon': 1.0}],[{'label_muskmelon': 1}]
310,726,49,68,22,28.56840626,61.53278622,7.127064207,63.49726331,[{'label_blackgram': 0.9930071830749512}],[{'label_blackgram': 1}]
311,579,26,52,23,29.98835437,49.60384796,4.931890506,52.92929636,"[{'label_mothbeans': 0.7554492354393005}, {'label_blackgram': 0.23147132992744446}]",[{'label_mothbeans': 1}]
312,587,35,55,22,30.88883074,52.62696801,8.634929739,55.51932414,"[{'label_mothbeans': 0.9045499563217163}, {'label_blackgram': 0.0938325822353363}]",[{'label_mothbeans': 1}]
313,233,22,78,76,17.84851658,19.09172907,8.621662982,76.32470713,[{'label_chickpea': 1.0}],[{'label_chickpea': 1}]
314,723,40,63,18,30.41588462,67.66323804,6.74441168,63.02473185,[{'label_blackgram': 0.99160236120224}],[{'label_blackgram': 1}]
315,1150,37,36,26,32.89300162,52.61323969,4.650536197,94.49161372,[{'label_mango': 0.9968639612197876}],[{'label_mango': 1}]
316,1026,112,73,48,29.244063800000006,77.32017166,5.7074889870000005,90.66727868,[{'label_banana': 0.9999791383743286}],[{'label_banana': 1}]
317,1110,18,19,27,27.75518664,52.34605806,4.772385986000001,94.11213345,[{'label_mango': 0.9999765157699585}],[{'label_mango': 1}]
318,994,32,25,35,18.09903225,85.70786282,5.892913826,107.0050976,[{'label_pomegranate': 0.9866324067115784}],[{'label_pomegranate': 1}]
319,2057,89,40,43,26.24532085,72.97198375,7.124050134,189.9711184,"[{'label_jute': 0.809626579284668}, {'label_rice': 0.18585234880447388}]",[{'label_jute': 1}]
320,1618,13,5,8,23.85340379,90.10522549,7.474710503,103.923226,[{'label_orange': 1.0}],[{'label_orange': 1}]
321,1451,101,17,47,29.49401389,94.72981338,6.185053234,26.30820876,[{'label_muskmelon': 1.0}],[{'label_muskmelon': 1}]
322,254,20,60,78,18.17234999,14.70085967,6.358740355,90.7760707,[{'label_chickpea': 1.0}],[{'label_chickpea': 1}]
323,861,19,79,19,20.06003985,67.76252583,6.677262562,42.89509057,[{'label_lentil': 0.999840259552002}],[{'label_lentil': 1}]
324,1936,113,38,25,22.00085141,79.47270984,7.388265887999999,90.42224164,"[{'label_cotton': 0.7009568810462952}, {'label_maize': 0.2990398406982422}]",[{'label_cotton': 1}]
325,1779,68,69,52,25.65492304,92.74501561,6.813383387000001,52.95477913,[{'label_papaya': 0.9999111890792847}],[{'label_papaya': 1}]
326,1276,25,129,195,17.98667801,81.17712085,5.777271492000001,72.37127689,[{'label_grapes': 1.0}],[{'label_grapes': 1}]
327,303,40,64,16,16.43340342,24.24045875,5.926676985,140.3717815,[{'label_kidneybeans': 0.9983963370323181}],[{'label_kidneybeans': 1}]
328,820,4,80,16,29.19585548,68.01965728,7.441976825,44.93261911,[{'label_lentil': 0.9995573163032532}],[{'label_lentil': 1}]
329,1577,29,132,204,23.08950736,90.22507299,6.0967531,108.2166601,[{'label_apple': 1.0}],[{'label_apple': 1}]
330,41,64,45,43,25.62980105,83.52842314,5.534878156,209.9001977,"[{'label_jute': 0.664703369140625}, {'label_rice': 0.3243716061115265}]",[{'label_rice': 1}]
331,1411,115,9,52,29.06785065,90.97685539,6.019372459,29.1194739,[{'label_muskmelon': 1.0}],[{'label_muskmelon': 1}]
332,1515,30,143,199,23.76881552,90.59810302,5.7983508000000015,102.2648546,[{'label_apple': 0.9999995231628418}],[{'label_apple': 1}]
333,1736,31,62,52,33.7960155,93.00754254,6.99104104,182.026807,[{'label_papaya': 0.9997652173042297}],[{'label_papaya': 1}]
334,792,29,63,17,30.02629908,67.88811637,7.26154329,66.47264636,[{'label_blackgram': 0.9858086705207825}],[{'label_blackgram': 1}]
335,2001,60,37,39,26.59104992,82.94164078,6.033485257000001,161.2469997,"[{'label_jute': 0.8843197226524353}, {'label_rice': 0.10279691219329834}]",[{'label_jute': 1}]
336,253,29,77,75,17.50361137,15.48083156,7.778591617999999,72.9446671,[{'label_chickpea': 1.0}],[{'label_chickpea': 1}]
337,530,22,44,24,24.30935081,56.32938343,6.030447288,58.99536268,"[{'label_mothbeans': 0.43326297402381897}, {'label_blackgram': 0.3990806043148041}, {'label_lentil': 0.05943455547094345}]",[{'label_mothbeans': 1}]
338,840,5,65,19,18.28072173,68.10365387,6.978361689,48.80253285,[{'label_lentil': 0.9991523027420044}],[{'label_lentil': 1}]
339,1285,6,128,200,25.96308415,82.57813624,5.838748311,70.31782647,[{'label_grapes': 1.0}],[{'label_grapes': 1}]
340,2025,76,56,39,24.39459498,89.89106506,6.551130445,197.1220049,"[{'label_jute': 0.8307739496231079}, {'label_rice': 0.1687880903482437}]",[{'label_jute': 1}]
341,317,27,80,15,19.07096165,21.21092266,5.7883869510000014,86.21917578,[{'label_kidneybeans': 0.9999985694885254}],[{'label_kidneybeans': 1}]
342,1421,100,6,53,29.05248036,93.92217834,6.105909623,23.66620626,[{'label_muskmelon': 1.0}],[{'label_muskmelon': 1}]
343,1748,36,54,46,42.54744013,94.94482086,6.662875839,214.41038480000003,[{'label_papaya': 0.9998266100883484}],[{'label_papaya': 1}]
344,1246,4,134,200,28.57828803,80.95628959,5.840256272,73.34232097,[{'label_grapes': 1.0}],[{'label_grapes': 1}]
345,1749,39,64,52,28.91842453,94.63676767,6.678695788,63.68794608,[{'label_papaya': 0.9999361038208008}],[{'label_papaya': 1}]
346,31,92,35,40,22.17931888,80.33127223,6.3573893660000005,200.0882787,"[{'label_jute': 0.7218207716941833}, {'label_rice': 0.2778361439704895}]",[{'label_rice': 1}]
347,2128,111,27,31,23.59302313,55.27564977,6.0433309510000015,191.3980675,[{'label_coffee': 0.9999549388885498}],[{'label_coffee': 1}]
348,1427,104,25,55,29.81196601,90.36881284,6.123802502,22.68766503,[{'label_muskmelon': 1.0}],[{'label_muskmelon': 1}]
349,564,22,36,16,30.58139475,50.77148138,8.18422855,64.58559639,[{'label_mothbeans': 0.9883115887641907}],[{'label_mothbeans': 1}]
350,1052,101,75,50,26.59386409,81.40740301,6.242528277999999,109.9825551,[{'label_banana': 0.9999606609344482}],[{'label_banana': 1}]
351,1785,48,57,54,29.02328049,90.20396783,6.617703177999999,126.8069869,[{'label_papaya': 0.9977666139602661}],[{'label_papaya': 1}]
352,1610,21,17,15,23.98289638,91.5473145,7.455991072000001,118.4901697,[{'label_orange': 0.9999864101409912}],[{'label_orange': 1}]
353,330,17,77,23,24.51324787,20.81527638,5.670062975,64.19497947,[{'label_kidneybeans': 0.999998927116394}],[{'label_kidneybeans': 1}]
354,1388,110,21,54,26.73690828,87.82430156,6.747537642,47.46447019,[{'label_watermelon': 0.9999996423721313}],[{'label_watermelon': 1}]
355,443,1,76,17,28.43430726,52.10010827,6.012719118,147.0414824,[{'label_pigeonpeas': 0.9991707801818848}],[{'label_pigeonpeas': 1}]
356,1584,28,130,196,22.13450646,94.67695747,6.062356467000001,112.9203223,[{'label_apple': 1.0}],[{'label_apple': 1}]
357,1379,108,23,51,26.84366082,83.85039964,6.106500787000001,40.228644,[{'label_watermelon': 0.9999841451644897}],[{'label_watermelon': 1}]
358,1349,98,25,52,25.2801372,83.15393658,6.224066378,49.29456609,[{'label_watermelon': 0.9999961853027344}],[{'label_watermelon': 1}]
359,440,6,66,15,34.93174223,30.40046769,6.3458060110000005,159.2649827,"[{'label_pigeonpeas': 0.8334650993347168}, {'label_kidneybeans': 0.16653476655483246}]",[{'label_pigeonpeas': 1}]
360,302,31,55,22,22.91350245,21.33953114,5.873171894,109.225556,[{'label_kidneybeans': 0.999332845211029}],[{'label_kidneybeans': 1}]
361,570,23,58,19,24.17093241,58.25204566,5.243634848999999,59.18953429,[{'label_blackgram': 0.9754505157470703}],[{'label_mothbeans': 1}]
362,359,27,56,20,19.25975367,20.51346956,5.542690119,94.9533526,[{'label_kidneybeans': 0.9996370077133179}],[{'label_kidneybeans': 1}]
363,2089,71,52,43,26.47549543,73.96164569,6.732826127,180.2513601,"[{'label_jute': 0.9166089296340942}, {'label_rice': 0.07757670432329178}]",[{'label_jute': 1}]
364,1803,2,21,35,25.02887163,91.53720922,6.293662362999999,179.8248944,[{'label_coconut': 0.9999991655349731}],[{'label_coconut': 1}]
365,1984,100,52,19,23.45969093,82.44777468,7.903528672999999,93.50153555,"[{'label_maize': 0.7534283399581909}, {'label_cotton': 0.2465635985136032}]",[{'label_cotton': 1}]
366,386,17,64,17,21.02213209,24.93896255,5.662699104,124.6118471,[{'label_kidneybeans': 0.9960888624191284}],[{'label_kidneybeans': 1}]
367,1616,31,8,7,34.51465139,93.63812684,7.163245982,103.5684926,[{'label_orange': 1.0}],[{'label_orange': 1}]
368,1917,100,46,18,24.18586246,76.04203958,6.4316895060000006,69.08056728,"[{'label_cotton': 0.7258818745613098}, {'label_maize': 0.2741178274154663}]",[{'label_cotton': 1}]
369,457,6,63,23,26.01630259,49.94704718,5.906596905,160.33374469999995,[{'label_pigeonpeas': 0.9994491934776306}],[{'label_pigeonpeas': 1}]
370,992,40,9,41,24.37766782,85.4017118,5.78270695,106.128338,[{'label_pomegranate': 0.9975908994674683}],[{'label_pomegranate': 1}]
371,1914,111,40,25,24.48469200000001,84.44932014,6.187455798999999,90.94342484,"[{'label_cotton': 0.625514805316925}, {'label_maize': 0.3744806945323944}]",[{'label_cotton': 1}]
372,1932,125,60,17,24.14386157,84.51591287,6.785723961,80.36146974,"[{'label_cotton': 0.8851289749145508}, {'label_maize': 0.11487100273370743}]",[{'label_cotton': 1}]
373,1586,12,129,205,22.36238282,91.15761594,6.119432215,118.68327250000002,[{'label_apple': 1.0}],[{'label_apple': 1}]
374,1955,103,51,20,22.80213132,84.14668447,7.0466074339999984,91.6389565,"[{'label_maize': 0.6373283267021179}, {'label_cotton': 0.3626652657985687}]",[{'label_cotton': 1}]
375,1504,20,129,201,23.41044706,91.69913296,5.587905967,116.07779309999998,[{'label_apple': 1.0}],[{'label_apple': 1}]
376,1650,29,11,5,23.13338811,91.94670335,7.639788459,104.4224145,[{'label_orange': 1.0}],[{'label_orange': 1}]
377,141,60,44,23,24.7947077,70.04556743,5.722579819,76.72860067,[{'label_maize': 0.9611464142799377}],[{'label_maize': 1}]
378,1213,16,139,203,17.82803682,80.96093443,6.27564088,65.84748763,[{'label_grapes': 1.0}],[{'label_grapes': 1}]
379,1017,109,79,45,27.66752761,79.68542782,6.490074429,108.66464,[{'label_banana': 0.9995701909065247}],[{'label_banana': 1}]
380,1534,24,142,202,22.53779727,91.48135786,5.710819862,101.8474768,[{'label_apple': 0.9999998807907104}],[{'label_apple': 1}]
381,578,15,45,23,24.20422636,61.43378674,7.224193642,46.0203959,"[{'label_mothbeans': 0.6228242516517639}, {'label_lentil': 0.32428234815597534}]",[{'label_mothbeans': 1}]
382,9,68,58,38,23.22397386,83.03322691,6.336253525,221.2091958,"[{'label_rice': 0.7726641297340393}, {'label_jute': 0.22645726799964905}]",[{'label_rice': 1}]
383,322,22,70,19,18.23775702,21.07643273,5.515615023,69.44951585,[{'label_kidneybeans': 0.9999881982803345}],[{'label_kidneybeans': 1}]
384,1000,91,94,46,29.36792366,76.24900101,6.149934034,92.82840911,[{'label_banana': 0.9999451637268066}],[{'label_banana': 1}]
385,77,73,35,38,24.88921174,81.97927117,5.005306977,185.9461429,"[{'label_jute': 0.760749876499176}, {'label_rice': 0.23883125185966492}]",[{'label_rice': 1}]
386,813,27,80,24,28.42062847,61.77336343,7.815210661,49.02366803,[{'label_lentil': 0.9818281531333923}],[{'label_lentil': 1}]
387,262,57,73,85,18.49311205,14.72115044,7.358099622,91.94595352,[{'label_chickpea': 1.0}],[{'label_chickpea': 1}]
388,942,4,24,43,22.40423537,88.1508343,7.199504273,109.8695196,[{'label_pomegranate': 0.9995825886726379}],[{'label_pomegranate': 1}]
389,1002,108,92,53,27.40053601,82.96221306,6.276800323,104.9378,[{'label_banana': 0.9999977350234985}],[{'label_banana': 1}]
390,240,38,60,76,18.65054116,17.80852431,8.868741443,77.92798682,[{'label_chickpea': 1.0}],[{'label_chickpea': 1}]
391,1467,89,11,47,29.78714005,94.65343534,6.327822962000001,27.8659442,[{'label_muskmelon': 1.0}],[{'label_muskmelon': 1}]
392,936,4,19,42,23.83185873,87.84034604,6.306605528,111.2232716,[{'label_pomegranate': 0.9992179870605469}],[{'label_pomegranate': 1}]
393,1580,33,143,204,21.1316077,91.95769858,5.814434775,122.5391946,[{'label_apple': 1.0}],[{'label_apple': 1}]
394,897,4,59,19,26.25070298,67.62779652,7.621494566,40.8106299,[{'label_lentil': 0.9872018098831177}],[{'label_lentil': 1}]
395,1419,87,14,48,29.69238699,92.58862544,6.606033244,29.1102594,[{'label_muskmelon': 1.0}],[{'label_muskmelon': 1}]
396,1613,19,7,10,14.78003032,91.22062116,6.118430299,100.1961762,[{'label_orange': 0.9999998807907104}],[{'label_orange': 1}]
397,733,53,67,17,31.77681682,69.01852894,7.296972161,61.46892873,[{'label_blackgram': 0.9962563514709473}],[{'label_blackgram': 1}]
398,1478,113,28,48,28.87726019,92.48839665,6.170520517999999,24.44267592,[{'label_muskmelon': 1.0}],[{'label_muskmelon': 1}]
399,501,22,59,23,27.32220619,51.27868781,4.371745575,36.5037914,"[{'label_lentil': 0.9008041620254517}, {'label_blackgram': 0.05304885283112526}]",[{'label_mothbeans': 1}]
400,1164,39,37,25,33.33024826,45.61143594,6.953246506,98.28583013,[{'label_mango': 0.9994725584983826}],[{'label_mango': 1}]
401,287,37,55,82,19.45591848,18.02235902,8.423873703,78.44910564,[{'label_chickpea': 1.0}],[{'label_chickpea': 1}]
402,905,31,25,38,24.96273236,92.40501423,6.4973666770000005,109.4169192,[{'label_pomegranate': 0.9949643611907959}],[{'label_pomegranate': 1}]
403,1187,22,38,31,31.53356352,53.06009323,5.8211060360000015,98.57025046,[{'label_mango': 0.9998028874397278}],[{'label_mango': 1}]
404,299,49,69,82,18.31561493,15.36143547,7.26311855,81.78710463,[{'label_chickpea': 1.0}],[{'label_chickpea': 1}]
405,1892,3,9,35,26.91641934,99.84671638,6.318552972999999,225.6323656,[{'label_coconut': 1.0}],[{'label_coconut': 1}]
406,1473,94,5,55,28.5854649,91.89216849,6.085682343999999,26.88372572,[{'label_muskmelon': 1.0}],[{'label_muskmelon': 1}]
407,1082,90,86,55,27.96236771,84.15403614,5.644486582000001,97.55986676,[{'label_banana': 0.999981164932251}],[{'label_banana': 1}]
408,478,21,74,15,29.49096726,67.10604388,6.471862118,153.2504506,[{'label_pigeonpeas': 0.9999666213989258}],[{'label_pigeonpeas': 1}]
409,1709,69,64,47,40.21199348,94.50766912,6.993473247000001,186.6762324,"[{'label_papaya': 0.9388117790222168}, {'label_jute': 0.05937584862112999}]",[{'label_papaya': 1}]
410,2095,87,44,43,23.87484465,86.79261344,6.718725189,177.5147313,"[{'label_jute': 0.8749643564224243}, {'label_rice': 0.12459392100572586}]",[{'label_jute': 1}]
411,838,31,58,15,28.31886863,60.19461399,6.167855382000001,45.36521251,"[{'label_blackgram': 0.514826774597168}, {'label_lentil': 0.43748360872268677}]",[{'label_lentil': 1}]
412,1990,102,45,16,23.65629976,77.52425987,7.2942193,74.8984994,"[{'label_cotton': 0.7713606953620911}, {'label_maize': 0.228639155626297}]",[{'label_cotton': 1}]
413,85,66,60,38,22.08576562,83.47038318,6.372576327000001,231.7364957,"[{'label_rice': 0.9371952414512634}, {'label_jute': 0.06198320537805557}]",[{'label_rice': 1}]
414,1027,117,76,47,25.56202173,77.38229006,6.119216009,93.10247183,[{'label_banana': 0.9999688863754272}],[{'label_banana': 1}]
415,1876,25,12,26,28.56973521,95.67906668,6.436314406,134.83703480000003,"[{'label_coconut': 0.597852885723114}, {'label_orange': 0.40213653445243835}]",[{'label_coconut': 1}]
416,15,60,48,39,24.28209415,80.30025587,7.042299068999999,231.0863347,"[{'label_rice': 0.9431434273719788}, {'label_jute': 0.05430081859230995}]",[{'label_rice': 1}]
417,758,34,60,16,31.35730791,64.24992106,7.322555222999999,63.85668948,[{'label_blackgram': 0.9750263690948486}],[{'label_blackgram': 1}]
418,118,66,53,19,23.09348056,60.11593810000001,6.033550195,65.49730729,[{'label_maize': 0.9902760982513428}],[{'label_maize': 1}]
419,1651,1,15,9,29.98364695,94.55239717,7.53350946,115.3560318,[{'label_orange': 1.0}],[{'label_orange': 1}]
420,1323,95,16,55,25.26931156,87.55055105,6.612847999,40.12650421,[{'label_watermelon': 0.9999982118606567}],[{'label_watermelon': 1}]
421,1,85,58,41,21.77046169,80.31964408,7.038096361,226.6555374,"[{'label_rice': 0.6623685956001282}, {'label_jute': 0.3376092314720154}]",[{'label_rice': 1}]
422,1511,29,121,196,22.84852833,94.32130209,6.079497202000001,123.5977843,[{'label_apple': 1.0}],[{'label_apple': 1}]
423,1261,22,133,201,23.81995682,80.12211649,6.00299607,67.27398640000001,[{'label_grapes': 1.0}],[{'label_grapes': 1}]
424,475,20,72,15,36.00415838,56.01334416,7.313517308,134.8596466,[{'label_pigeonpeas': 0.9998096823692322}],[{'label_pigeonpeas': 1}]
425,1228,30,120,200,38.06099482,82.24729637,6.234904253,65.70148216,[{'label_grapes': 1.0}],[{'label_grapes': 1}]
426,286,30,75,81,19.41789736,16.80472243,6.4084378860000015,68.4951189,[{'label_chickpea': 1.0}],[{'label_chickpea': 1}]
427,1137,35,18,26,31.99490489,50.84881347,5.279388967,97.38741498,[{'label_mango': 0.999997615814209}],[{'label_mango': 1}]
428,2029,82,40,45,26.21312799,81.70476368,6.667633355,180.1237765,"[{'label_jute': 0.8733310103416443}, {'label_rice': 0.1256597340106964}]",[{'label_jute': 1}]
429,933,25,17,40,18.91251245,87.74938524,6.608023872,111.28005159999998,[{'label_pomegranate': 0.9989578723907471}],[{'label_pomegranate': 1}]
430,117,61,41,17,25.1420613,65.26185135,6.021902237000001,76.68456006,[{'label_maize': 0.9932177662849426}],[{'label_maize': 1}]
431,1185,26,35,31,33.44619894,53.05980465,5.339556562,98.05089394,[{'label_mango': 0.9999603033065796}],[{'label_mango': 1}]
432,1284,28,145,202,19.2077707,82.90428409999998,6.484323189,66.83113717,[{'label_grapes': 1.0}],[{'label_grapes': 1}]
433,1050,107,72,45,28.14938935,81.54448882,5.790768046,91.40508414,[{'label_banana': 0.9996390342712402}],[{'label_banana': 1}]
434,666,31,48,17,28.88078945,86.94206817,6.594739424,53.79732545,[{'label_mungbean': 0.9999867677688599}],[{'label_mungbean': 1}]
435,446,32,70,20,20.89342749,46.24856523,6.208843215,195.5697875,[{'label_pigeonpeas': 0.9997667670249939}],[{'label_pigeonpeas': 1}]
436,1005,93,94,53,25.86632408,84.42379269,6.079178787999999,114.5357503,[{'label_banana': 0.999991774559021}],[{'label_banana': 1}]
437,1919,117,56,15,25.99237426,77.0543546,7.368258226,89.1188212,"[{'label_cotton': 0.5994196534156799}, {'label_maize': 0.40058034658432007}]",[{'label_cotton': 1}]
438,708,27,64,21,32.84213012,68.68401492,7.543804222999999,73.67166182,"[{'label_blackgram': 0.9344642758369446}, {'label_mothbeans': 0.0584879070520401}]",[{'label_blackgram': 1}]
439,1546,31,130,198,21.80129837,92.73446667,5.554823557000001,120.05866709999998,[{'label_apple': 1.0}],[{'label_apple': 1}]
